10248;VINET;5;1996-07-04 00:00:00.000;32,38;France
10249;TOMSP;6;1996-07-05 00:00:00.000;11,61;Germany
10250;HANAR;4;1996-07-08 00:00:00.000;65,83;Brazil
10251;VICTE;3;1996-07-08 00:00:00.000;41,34;France
10252;SUPRD;4;1996-07-09 00:00:00.000;51,3;Belgium
10253;HANAR;3;1996-07-10 00:00:00.000;58,17;Brazil
10254;CHOPS;5;1996-07-11 00:00:00.000;22,98;Switzerland
10255;RICSU;9;1996-07-12 00:00:00.000;148,33;Switzerland
10256;WELLI;3;1996-07-15 00:00:00.000;13,97;Brazil
10257;HILAA;4;1996-07-16 00:00:00.000;81,91;Venezuela
10258;ERNSH;1;1996-07-17 00:00:00.000;140,51;Austria
10259;CENTC;4;1996-07-18 00:00:00.000;3,25;Mexico
10260;OTTIK;4;1996-07-19 00:00:00.000;55,09;Germany
10261;QUEDE;4;1996-07-19 00:00:00.000;3,05;Brazil
10262;RATTC;8;1996-07-22 00:00:00.000;48,29;USA
10263;ERNSH;9;1996-07-23 00:00:00.000;146,06;Austria
10264;FOLKO;6;1996-07-24 00:00:00.000;3,67;Sweden
10265;BLONP;2;1996-07-25 00:00:00.000;55,28;France
10266;WARTH;3;1996-07-26 00:00:00.000;25,73;Finland
10267;FRANK;4;1996-07-29 00:00:00.000;208,58;Germany
10268;GROSR;8;1996-07-30 00:00:00.000;66,29;Venezuela
10269;WHITC;5;1996-07-31 00:00:00.000;4,56;USA
10270;WARTH;1;1996-08-01 00:00:00.000;136,54;Finland
10271;SPLIR;6;1996-08-01 00:00:00.000;4,54;USA
10272;RATTC;6;1996-08-02 00:00:00.000;98,03;USA
10273;QUICK;3;1996-08-05 00:00:00.000;76,07;Germany
10274;VINET;6;1996-08-06 00:00:00.000;6,01;France
10275;MAGAA;1;1996-08-07 00:00:00.000;26,93;Italy
10276;TORTU;8;1996-08-08 00:00:00.000;13,84;Mexico
10277;MORGK;2;1996-08-09 00:00:00.000;125,77;Germany
10278;BERGS;8;1996-08-12 00:00:00.000;92,69;Sweden
10279;LEHMS;8;1996-08-13 00:00:00.000;25,83;Germany
10280;BERGS;2;1996-08-14 00:00:00.000;8,98;Sweden
10281;ROMEY;4;1996-08-14 00:00:00.000;2,94;Spain
10282;ROMEY;4;1996-08-15 00:00:00.000;12,69;Spain
10283;LILAS;3;1996-08-16 00:00:00.000;84,81;Venezuela
10284;LEHMS;4;1996-08-19 00:00:00.000;76,56;Germany
10285;QUICK;1;1996-08-20 00:00:00.000;76,83;Germany
10286;QUICK;8;1996-08-21 00:00:00.000;229,24;Germany
10287;RICAR;8;1996-08-22 00:00:00.000;12,76;Brazil
10288;REGGC;4;1996-08-23 00:00:00.000;7,45;Italy
10289;BSBEV;7;1996-08-26 00:00:00.000;22,77;UK
10290;COMMI;8;1996-08-27 00:00:00.000;79,7;Brazil
10291;QUEDE;6;1996-08-27 00:00:00.000;6,4;Brazil
10292;TRADH;1;1996-08-28 00:00:00.000;1,35;Brazil
10293;TORTU;1;1996-08-29 00:00:00.000;21,18;Mexico
10294;RATTC;4;1996-08-30 00:00:00.000;147,26;USA
10295;VINET;2;1996-09-02 00:00:00.000;1,15;France
10296;LILAS;6;1996-09-03 00:00:00.000;0,12;Venezuela
10297;BLONP;5;1996-09-04 00:00:00.000;5,74;France
10298;HUNGO;6;1996-09-05 00:00:00.000;168,22;Ireland
10299;RICAR;4;1996-09-06 00:00:00.000;29,76;Brazil
10300;MAGAA;2;1996-09-09 00:00:00.000;17,68;Italy
10301;WANDK;8;1996-09-09 00:00:00.000;45,08;Germany
10302;SUPRD;4;1996-09-10 00:00:00.000;6,27;Belgium
10303;GODOS;7;1996-09-11 00:00:00.000;107,83;Spain
10304;TORTU;1;1996-09-12 00:00:00.000;63,79;Mexico
10305;OLDWO;8;1996-09-13 00:00:00.000;257,62;USA
10306;ROMEY;1;1996-09-16 00:00:00.000;7,56;Spain
10307;LONEP;2;1996-09-17 00:00:00.000;0,56;USA
10308;ANATR;7;1996-09-18 00:00:00.000;1,61;Mexico
10309;HUNGO;3;1996-09-19 00:00:00.000;47,3;Ireland
10310;THEBI;8;1996-09-20 00:00:00.000;17,52;USA
10311;DUMON;1;1996-09-20 00:00:00.000;24,69;France
10312;WANDK;2;1996-09-23 00:00:00.000;40,26;Germany
10313;QUICK;2;1996-09-24 00:00:00.000;1,96;Germany
10314;RATTC;1;1996-09-25 00:00:00.000;74,16;USA
10315;ISLAT;4;1996-09-26 00:00:00.000;41,76;UK
10316;RATTC;1;1996-09-27 00:00:00.000;150,15;USA
10317;LONEP;6;1996-09-30 00:00:00.000;12,69;USA
10318;ISLAT;8;1996-10-01 00:00:00.000;4,73;UK
10319;TORTU;7;1996-10-02 00:00:00.000;64,5;Mexico
10320;WARTH;5;1996-10-03 00:00:00.000;34,57;Finland
10321;ISLAT;3;1996-10-03 00:00:00.000;3,43;UK
10322;PERIC;7;1996-10-04 00:00:00.000;0,4;Mexico
10323;KOENE;4;1996-10-07 00:00:00.000;4,88;Germany
10324;SAVEA;9;1996-10-08 00:00:00.000;214,27;USA
10325;KOENE;1;1996-10-09 00:00:00.000;64,86;Germany
10326;BOLID;4;1996-10-10 00:00:00.000;77,92;Spain
10327;FOLKO;2;1996-10-11 00:00:00.000;63,36;Sweden
10328;FURIB;4;1996-10-14 00:00:00.000;87,03;Portugal
10329;SPLIR;4;1996-10-15 00:00:00.000;191,67;USA
10330;LILAS;3;1996-10-16 00:00:00.000;12,75;Venezuela
10331;BONAP;9;1996-10-16 00:00:00.000;10,19;France
10332;MEREP;3;1996-10-17 00:00:00.000;52,84;Canada
10333;WARTH;5;1996-10-18 00:00:00.000;0,59;Finland
10334;VICTE;8;1996-10-21 00:00:00.000;8,56;France
10335;HUNGO;7;1996-10-22 00:00:00.000;42,11;Ireland
10336;PRINI;7;1996-10-23 00:00:00.000;15,51;Portugal
10337;FRANK;4;1996-10-24 00:00:00.000;108,26;Germany
10338;OLDWO;4;1996-10-25 00:00:00.000;84,21;USA
10339;MEREP;2;1996-10-28 00:00:00.000;15,66;Canada
10340;BONAP;1;1996-10-29 00:00:00.000;166,31;France
10341;SIMOB;7;1996-10-29 00:00:00.000;26,78;Denmark
10342;FRANK;4;1996-10-30 00:00:00.000;54,83;Germany
10343;LEHMS;4;1996-10-31 00:00:00.000;110,37;Germany
10344;WHITC;4;1996-11-01 00:00:00.000;23,29;USA
10345;QUICK;2;1996-11-04 00:00:00.000;249,06;Germany
10346;RATTC;3;1996-11-05 00:00:00.000;142,08;USA
10347;FAMIA;4;1996-11-06 00:00:00.000;3,1;Brazil
10348;WANDK;4;1996-11-07 00:00:00.000;0,78;Germany
10349;SPLIR;7;1996-11-08 00:00:00.000;8,63;USA
10350;LAMAI;6;1996-11-11 00:00:00.000;64,19;France
10351;ERNSH;1;1996-11-11 00:00:00.000;162,33;Austria
10352;FURIB;3;1996-11-12 00:00:00.000;1,3;Portugal
10353;PICCO;7;1996-11-13 00:00:00.000;360,63;Austria
10354;PERIC;8;1996-11-14 00:00:00.000;53,8;Mexico
10355;AROUT;6;1996-11-15 00:00:00.000;41,95;UK
10356;WANDK;6;1996-11-18 00:00:00.000;36,71;Germany
10357;LILAS;1;1996-11-19 00:00:00.000;34,88;Venezuela
10358;LAMAI;5;1996-11-20 00:00:00.000;19,64;France
10359;SEVES;5;1996-11-21 00:00:00.000;288,43;UK
10360;BLONP;4;1996-11-22 00:00:00.000;131,7;France
10361;QUICK;1;1996-11-22 00:00:00.000;183,17;Germany
10362;BONAP;3;1996-11-25 00:00:00.000;96,04;France
10363;DRACD;4;1996-11-26 00:00:00.000;30,54;Germany
10364;EASTC;1;1996-11-26 00:00:00.000;71,97;UK
10365;ANTON;3;1996-11-27 00:00:00.000;22;Mexico
10366;GALED;8;1996-11-28 00:00:00.000;10,14;Spain
10367;VAFFE;7;1996-11-28 00:00:00.000;13,55;Denmark
10368;ERNSH;2;1996-11-29 00:00:00.000;101,95;Austria
10369;SPLIR;8;1996-12-02 00:00:00.000;195,68;USA
10370;CHOPS;6;1996-12-03 00:00:00.000;1,17;Switzerland
10371;LAMAI;1;1996-12-03 00:00:00.000;0,45;France
10372;QUEEN;5;1996-12-04 00:00:00.000;890,78;Brazil
10373;HUNGO;4;1996-12-05 00:00:00.000;124,12;Ireland
10374;WOLZA;1;1996-12-05 00:00:00.000;3,94;Poland
10375;HUNGC;3;1996-12-06 00:00:00.000;20,12;USA
10376;MEREP;1;1996-12-09 00:00:00.000;20,39;Canada
10377;SEVES;1;1996-12-09 00:00:00.000;22,21;UK
10378;FOLKO;5;1996-12-10 00:00:00.000;5,44;Sweden
10379;QUEDE;2;1996-12-11 00:00:00.000;45,03;Brazil
10380;HUNGO;8;1996-12-12 00:00:00.000;35,03;Ireland
10381;LILAS;3;1996-12-12 00:00:00.000;7,99;Venezuela
10382;ERNSH;4;1996-12-13 00:00:00.000;94,77;Austria
10383;AROUT;8;1996-12-16 00:00:00.000;34,24;UK
10384;BERGS;3;1996-12-16 00:00:00.000;168,64;Sweden
10385;SPLIR;1;1996-12-17 00:00:00.000;30,96;USA
10386;FAMIA;9;1996-12-18 00:00:00.000;13,99;Brazil
10387;SANTG;1;1996-12-18 00:00:00.000;93,63;Norway
10388;SEVES;2;1996-12-19 00:00:00.000;34,86;UK
10389;BOTTM;4;1996-12-20 00:00:00.000;47,42;Canada
10390;ERNSH;6;1996-12-23 00:00:00.000;126,38;Austria
10391;DRACD;3;1996-12-23 00:00:00.000;5,45;Germany
10392;PICCO;2;1996-12-24 00:00:00.000;122,46;Austria
10393;SAVEA;1;1996-12-25 00:00:00.000;126,56;USA
10394;HUNGC;1;1996-12-25 00:00:00.000;30,34;USA
10395;HILAA;6;1996-12-26 00:00:00.000;184,41;Venezuela
10396;FRANK;1;1996-12-27 00:00:00.000;135,35;Germany
10397;PRINI;5;1996-12-27 00:00:00.000;60,26;Portugal
10398;SAVEA;2;1996-12-30 00:00:00.000;89,16;USA
10399;VAFFE;8;1996-12-31 00:00:00.000;27,36;Denmark
10400;EASTC;1;1997-01-01 00:00:00.000;83,93;UK
10401;RATTC;1;1997-01-01 00:00:00.000;12,51;USA
10402;ERNSH;8;1997-01-02 00:00:00.000;67,88;Austria
10403;ERNSH;4;1997-01-03 00:00:00.000;73,79;Austria
10404;MAGAA;2;1997-01-03 00:00:00.000;155,97;Italy
10405;LINOD;1;1997-01-06 00:00:00.000;34,82;Venezuela
10406;QUEEN;7;1997-01-07 00:00:00.000;108,04;Brazil
10407;OTTIK;2;1997-01-07 00:00:00.000;91,48;Germany
10408;FOLIG;8;1997-01-08 00:00:00.000;11,26;France
10409;OCEAN;3;1997-01-09 00:00:00.000;29,83;Argentina
10410;BOTTM;3;1997-01-10 00:00:00.000;2,4;Canada
10411;BOTTM;9;1997-01-10 00:00:00.000;23,65;Canada
10412;WARTH;8;1997-01-13 00:00:00.000;3,77;Finland
10413;LAMAI;3;1997-01-14 00:00:00.000;95,66;France
10414;FAMIA;2;1997-01-14 00:00:00.000;21,48;Brazil
10415;HUNGC;3;1997-01-15 00:00:00.000;0,2;USA
10416;WARTH;8;1997-01-16 00:00:00.000;22,72;Finland
10417;SIMOB;4;1997-01-16 00:00:00.000;70,29;Denmark
10418;QUICK;4;1997-01-17 00:00:00.000;17,55;Germany
10419;RICSU;4;1997-01-20 00:00:00.000;137,35;Switzerland
10420;WELLI;3;1997-01-21 00:00:00.000;44,12;Brazil
10421;QUEDE;8;1997-01-21 00:00:00.000;99,23;Brazil
10422;FRANS;2;1997-01-22 00:00:00.000;3,02;Italy
10423;GOURL;6;1997-01-23 00:00:00.000;24,5;Brazil
10424;MEREP;7;1997-01-23 00:00:00.000;370,61;Canada
10425;LAMAI;6;1997-01-24 00:00:00.000;7,93;France
10426;GALED;4;1997-01-27 00:00:00.000;18,69;Spain
10427;PICCO;4;1997-01-27 00:00:00.000;31,29;Austria
10428;REGGC;7;1997-01-28 00:00:00.000;11,09;Italy
10429;HUNGO;3;1997-01-29 00:00:00.000;56,63;Ireland
10430;ERNSH;4;1997-01-30 00:00:00.000;458,78;Austria
10431;BOTTM;4;1997-01-30 00:00:00.000;44,17;Canada
10432;SPLIR;3;1997-01-31 00:00:00.000;4,34;USA
10433;PRINI;3;1997-02-03 00:00:00.000;73,83;Portugal
10434;FOLKO;3;1997-02-03 00:00:00.000;17,92;Sweden
10435;CONSH;8;1997-02-04 00:00:00.000;9,21;UK
10436;BLONP;3;1997-02-05 00:00:00.000;156,66;France
10437;WARTH;8;1997-02-05 00:00:00.000;19,97;Finland
10438;TOMSP;3;1997-02-06 00:00:00.000;8,24;Germany
10439;MEREP;6;1997-02-07 00:00:00.000;4,07;Canada
10440;SAVEA;4;1997-02-10 00:00:00.000;86,53;USA
10441;OLDWO;3;1997-02-10 00:00:00.000;73,02;USA
10442;ERNSH;3;1997-02-11 00:00:00.000;47,94;Austria
10443;REGGC;8;1997-02-12 00:00:00.000;13,95;Italy
10444;BERGS;3;1997-02-12 00:00:00.000;3,5;Sweden
10445;BERGS;3;1997-02-13 00:00:00.000;9,3;Sweden
10446;TOMSP;6;1997-02-14 00:00:00.000;14,68;Germany
10447;RICAR;4;1997-02-14 00:00:00.000;68,66;Brazil
10448;RANCH;4;1997-02-17 00:00:00.000;38,82;Argentina
10449;BLONP;3;1997-02-18 00:00:00.000;53,3;France
10450;VICTE;8;1997-02-19 00:00:00.000;7,23;France
10451;QUICK;4;1997-02-19 00:00:00.000;189,09;Germany
10452;SAVEA;8;1997-02-20 00:00:00.000;140,26;USA
10453;AROUT;1;1997-02-21 00:00:00.000;25,36;UK
10454;LAMAI;4;1997-02-21 00:00:00.000;2,74;France
10455;WARTH;8;1997-02-24 00:00:00.000;180,45;Finland
10456;KOENE;8;1997-02-25 00:00:00.000;8,12;Germany
10457;KOENE;2;1997-02-25 00:00:00.000;11,57;Germany
10458;SUPRD;7;1997-02-26 00:00:00.000;147,06;Belgium
10459;VICTE;4;1997-02-27 00:00:00.000;25,09;France
10460;FOLKO;8;1997-02-28 00:00:00.000;16,27;Sweden
10461;LILAS;1;1997-02-28 00:00:00.000;148,61;Venezuela
10462;CONSH;2;1997-03-03 00:00:00.000;6,17;UK
10463;SUPRD;5;1997-03-04 00:00:00.000;14,78;Belgium
10464;FURIB;4;1997-03-04 00:00:00.000;89;Portugal
10465;VAFFE;1;1997-03-05 00:00:00.000;145,04;Denmark
10466;COMMI;4;1997-03-06 00:00:00.000;11,93;Brazil
10467;MAGAA;8;1997-03-06 00:00:00.000;4,93;Italy
10468;KOENE;3;1997-03-07 00:00:00.000;44,12;Germany
10469;WHITC;1;1997-03-10 00:00:00.000;60,18;USA
10470;BONAP;4;1997-03-11 00:00:00.000;64,56;France
10471;BSBEV;2;1997-03-11 00:00:00.000;45,59;UK
10472;SEVES;8;1997-03-12 00:00:00.000;4,2;UK
10473;ISLAT;1;1997-03-13 00:00:00.000;16,37;UK
10474;PERIC;5;1997-03-13 00:00:00.000;83,49;Mexico
10475;SUPRD;9;1997-03-14 00:00:00.000;68,52;Belgium
10476;HILAA;8;1997-03-17 00:00:00.000;4,41;Venezuela
10477;PRINI;5;1997-03-17 00:00:00.000;13,02;Portugal
10478;VICTE;2;1997-03-18 00:00:00.000;4,81;France
10479;RATTC;3;1997-03-19 00:00:00.000;708,95;USA
10480;FOLIG;6;1997-03-20 00:00:00.000;1,35;France
10481;RICAR;8;1997-03-20 00:00:00.000;64,33;Brazil
10482;LAZYK;1;1997-03-21 00:00:00.000;7,48;USA
10483;WHITC;7;1997-03-24 00:00:00.000;15,28;USA
10484;BSBEV;3;1997-03-24 00:00:00.000;6,88;UK
10485;LINOD;4;1997-03-25 00:00:00.000;64,45;Venezuela
10486;HILAA;1;1997-03-26 00:00:00.000;30,53;Venezuela
10487;QUEEN;2;1997-03-26 00:00:00.000;71,07;Brazil
10488;FRANK;8;1997-03-27 00:00:00.000;4,93;Germany
10489;PICCO;6;1997-03-28 00:00:00.000;5,29;Austria
10490;HILAA;7;1997-03-31 00:00:00.000;210,19;Venezuela
10491;FURIB;8;1997-03-31 00:00:00.000;16,96;Portugal
10492;BOTTM;3;1997-04-01 00:00:00.000;62,89;Canada
10493;LAMAI;4;1997-04-02 00:00:00.000;10,64;France
10494;COMMI;4;1997-04-02 00:00:00.000;65,99;Brazil
10495;LAUGB;3;1997-04-03 00:00:00.000;4,65;Canada
10496;TRADH;7;1997-04-04 00:00:00.000;46,77;Brazil
10497;LEHMS;7;1997-04-04 00:00:00.000;36,21;Germany
10498;HILAA;8;1997-04-07 00:00:00.000;29,75;Venezuela
10499;LILAS;4;1997-04-08 00:00:00.000;102,02;Venezuela
10500;LAMAI;6;1997-04-09 00:00:00.000;42,68;France
10501;BLAUS;9;1997-04-09 00:00:00.000;8,85;Germany
10502;PERIC;2;1997-04-10 00:00:00.000;69,32;Mexico
10503;HUNGO;6;1997-04-11 00:00:00.000;16,74;Ireland
10504;WHITC;4;1997-04-11 00:00:00.000;59,13;USA
10505;MEREP;3;1997-04-14 00:00:00.000;7,13;Canada
10506;KOENE;9;1997-04-15 00:00:00.000;21,19;Germany
10507;ANTON;7;1997-04-15 00:00:00.000;47,45;Mexico
10508;OTTIK;1;1997-04-16 00:00:00.000;4,99;Germany
10509;BLAUS;4;1997-04-17 00:00:00.000;0,15;Germany
10510;SAVEA;6;1997-04-18 00:00:00.000;367,63;USA
10511;BONAP;4;1997-04-18 00:00:00.000;350,64;France
10512;FAMIA;7;1997-04-21 00:00:00.000;3,53;Brazil
10513;WANDK;7;1997-04-22 00:00:00.000;105,65;Germany
10514;ERNSH;3;1997-04-22 00:00:00.000;789,95;Austria
10515;QUICK;2;1997-04-23 00:00:00.000;204,47;Germany
10516;HUNGO;2;1997-04-24 00:00:00.000;62,78;Ireland
10517;NORTS;3;1997-04-24 00:00:00.000;32,07;UK
10518;TORTU;4;1997-04-25 00:00:00.000;218,15;Mexico
10519;CHOPS;6;1997-04-28 00:00:00.000;91,76;Switzerland
10520;SANTG;7;1997-04-29 00:00:00.000;13,37;Norway
10521;CACTU;8;1997-04-29 00:00:00.000;17,22;Argentina
10522;LEHMS;4;1997-04-30 00:00:00.000;45,33;Germany
10523;SEVES;7;1997-05-01 00:00:00.000;77,63;UK
10524;BERGS;1;1997-05-01 00:00:00.000;244,79;Sweden
10525;BONAP;1;1997-05-02 00:00:00.000;11,06;France
10526;WARTH;4;1997-05-05 00:00:00.000;58,59;Finland
10527;QUICK;7;1997-05-05 00:00:00.000;41,9;Germany
10528;GREAL;6;1997-05-06 00:00:00.000;3,35;USA
10529;MAISD;5;1997-05-07 00:00:00.000;66,69;Belgium
10530;PICCO;3;1997-05-08 00:00:00.000;339,22;Austria
10531;OCEAN;7;1997-05-08 00:00:00.000;8,12;Argentina
10532;EASTC;7;1997-05-09 00:00:00.000;74,46;UK
10533;FOLKO;8;1997-05-12 00:00:00.000;188,04;Sweden
10534;LEHMS;8;1997-05-12 00:00:00.000;27,94;Germany
10535;ANTON;4;1997-05-13 00:00:00.000;15,64;Mexico
10536;LEHMS;3;1997-05-14 00:00:00.000;58,88;Germany
10537;RICSU;1;1997-05-14 00:00:00.000;78,85;Switzerland
10538;BSBEV;9;1997-05-15 00:00:00.000;4,87;UK
10539;BSBEV;6;1997-05-16 00:00:00.000;12,36;UK
10540;QUICK;3;1997-05-19 00:00:00.000;1007,64;Germany
10541;HANAR;2;1997-05-19 00:00:00.000;68,65;Brazil
10542;KOENE;1;1997-05-20 00:00:00.000;10,95;Germany
10543;LILAS;8;1997-05-21 00:00:00.000;48,17;Venezuela
10544;LONEP;4;1997-05-21 00:00:00.000;24,91;USA
10545;LAZYK;8;1997-05-22 00:00:00.000;11,92;USA
10546;VICTE;1;1997-05-23 00:00:00.000;194,72;France
10547;SEVES;3;1997-05-23 00:00:00.000;178,43;UK
10548;TOMSP;3;1997-05-26 00:00:00.000;1,43;Germany
10549;QUICK;5;1997-05-27 00:00:00.000;171,24;Germany
10550;GODOS;7;1997-05-28 00:00:00.000;4,32;Spain
10551;FURIB;4;1997-05-28 00:00:00.000;72,95;Portugal
10552;HILAA;2;1997-05-29 00:00:00.000;83,22;Venezuela
10553;WARTH;2;1997-05-30 00:00:00.000;149,49;Finland
10554;OTTIK;4;1997-05-30 00:00:00.000;120,97;Germany
10555;SAVEA;6;1997-06-02 00:00:00.000;252,49;USA
10556;SIMOB;2;1997-06-03 00:00:00.000;9,8;Denmark
10557;LEHMS;9;1997-06-03 00:00:00.000;96,72;Germany
10558;AROUT;1;1997-06-04 00:00:00.000;72,97;UK
10559;BLONP;6;1997-06-05 00:00:00.000;8,05;France
10560;FRANK;8;1997-06-06 00:00:00.000;36,65;Germany
10561;FOLKO;2;1997-06-06 00:00:00.000;242,21;Sweden
10562;REGGC;1;1997-06-09 00:00:00.000;22,95;Italy
10563;RICAR;2;1997-06-10 00:00:00.000;60,43;Brazil
10564;RATTC;4;1997-06-10 00:00:00.000;13,75;USA
10565;MEREP;8;1997-06-11 00:00:00.000;7,15;Canada
10566;BLONP;9;1997-06-12 00:00:00.000;88,4;France
10567;HUNGO;1;1997-06-12 00:00:00.000;33,97;Ireland
10568;GALED;3;1997-06-13 00:00:00.000;6,54;Spain
10569;RATTC;5;1997-06-16 00:00:00.000;58,98;USA
10570;MEREP;3;1997-06-17 00:00:00.000;188,99;Canada
10571;ERNSH;8;1997-06-17 00:00:00.000;26,06;Austria
10572;BERGS;3;1997-06-18 00:00:00.000;116,43;Sweden
10573;ANTON;7;1997-06-19 00:00:00.000;84,84;Mexico
10574;TRAIH;4;1997-06-19 00:00:00.000;37,6;USA
10575;MORGK;5;1997-06-20 00:00:00.000;127,34;Germany
10576;TORTU;3;1997-06-23 00:00:00.000;18,56;Mexico
10577;TRAIH;9;1997-06-23 00:00:00.000;25,41;USA
10578;BSBEV;4;1997-06-24 00:00:00.000;29,6;UK
10579;LETSS;1;1997-06-25 00:00:00.000;13,73;USA
10580;OTTIK;4;1997-06-26 00:00:00.000;75,89;Germany
10581;FAMIA;3;1997-06-26 00:00:00.000;3,01;Brazil
10582;BLAUS;3;1997-06-27 00:00:00.000;27,71;Germany
10583;WARTH;2;1997-06-30 00:00:00.000;7,28;Finland
10584;BLONP;4;1997-06-30 00:00:00.000;59,14;France
10585;WELLI;7;1997-07-01 00:00:00.000;13,41;Brazil
10586;REGGC;9;1997-07-02 00:00:00.000;0,48;Italy
10587;QUEDE;1;1997-07-02 00:00:00.000;62,52;Brazil
10588;QUICK;2;1997-07-03 00:00:00.000;194,67;Germany
10589;GREAL;8;1997-07-04 00:00:00.000;4,42;USA
10590;MEREP;4;1997-07-07 00:00:00.000;44,77;Canada
10591;VAFFE;1;1997-07-07 00:00:00.000;55,92;Denmark
10592;LEHMS;3;1997-07-08 00:00:00.000;32,1;Germany
10593;LEHMS;7;1997-07-09 00:00:00.000;174,2;Germany
10594;OLDWO;3;1997-07-09 00:00:00.000;5,24;USA
10595;ERNSH;2;1997-07-10 00:00:00.000;96,78;Austria
10596;WHITC;8;1997-07-11 00:00:00.000;16,34;USA
10597;PICCO;7;1997-07-11 00:00:00.000;35,12;Austria
10598;RATTC;1;1997-07-14 00:00:00.000;44,42;USA
10599;BSBEV;6;1997-07-15 00:00:00.000;29,98;UK
10600;HUNGC;4;1997-07-16 00:00:00.000;45,13;USA
10601;HILAA;7;1997-07-16 00:00:00.000;58,3;Venezuela
10602;VAFFE;8;1997-07-17 00:00:00.000;2,92;Denmark
10603;SAVEA;8;1997-07-18 00:00:00.000;48,77;USA
10604;FURIB;1;1997-07-18 00:00:00.000;7,46;Portugal
10605;MEREP;1;1997-07-21 00:00:00.000;379,13;Canada
10606;TRADH;4;1997-07-22 00:00:00.000;79,4;Brazil
10607;SAVEA;5;1997-07-22 00:00:00.000;200,24;USA
10608;TOMSP;4;1997-07-23 00:00:00.000;27,79;Germany
10609;DUMON;7;1997-07-24 00:00:00.000;1,85;France
10610;LAMAI;8;1997-07-25 00:00:00.000;26,78;France
10611;WOLZA;6;1997-07-25 00:00:00.000;80,65;Poland
10612;SAVEA;1;1997-07-28 00:00:00.000;544,08;USA
10613;HILAA;4;1997-07-29 00:00:00.000;8,11;Venezuela
10614;BLAUS;8;1997-07-29 00:00:00.000;1,93;Germany
10615;WILMK;2;1997-07-30 00:00:00.000;0,75;Finland
10616;GREAL;1;1997-07-31 00:00:00.000;116,53;USA
10617;GREAL;4;1997-07-31 00:00:00.000;18,53;USA
10618;MEREP;1;1997-08-01 00:00:00.000;154,68;Canada
10619;MEREP;3;1997-08-04 00:00:00.000;91,05;Canada
10620;LAUGB;2;1997-08-05 00:00:00.000;0,94;Canada
10621;ISLAT;4;1997-08-05 00:00:00.000;23,73;UK
10622;RICAR;4;1997-08-06 00:00:00.000;50,97;Brazil
10623;FRANK;8;1997-08-07 00:00:00.000;97,18;Germany
10624;THECR;4;1997-08-07 00:00:00.000;94,8;USA
10625;ANATR;3;1997-08-08 00:00:00.000;43,9;Mexico
10626;BERGS;1;1997-08-11 00:00:00.000;138,69;Sweden
10627;SAVEA;8;1997-08-11 00:00:00.000;107,46;USA
10628;BLONP;4;1997-08-12 00:00:00.000;30,36;France
10629;GODOS;4;1997-08-12 00:00:00.000;85,46;Spain
10630;KOENE;1;1997-08-13 00:00:00.000;32,35;Germany
10631;LAMAI;8;1997-08-14 00:00:00.000;0,87;France
10632;WANDK;8;1997-08-14 00:00:00.000;41,38;Germany
10633;ERNSH;7;1997-08-15 00:00:00.000;477,9;Austria
10634;FOLIG;4;1997-08-15 00:00:00.000;487,38;France
10635;MAGAA;8;1997-08-18 00:00:00.000;47,46;Italy
10636;WARTH;4;1997-08-19 00:00:00.000;1,15;Finland
10637;QUEEN;6;1997-08-19 00:00:00.000;201,29;Brazil
10638;LINOD;3;1997-08-20 00:00:00.000;158,44;Venezuela
10639;SANTG;7;1997-08-20 00:00:00.000;38,64;Norway
10640;WANDK;4;1997-08-21 00:00:00.000;23,55;Germany
10641;HILAA;4;1997-08-22 00:00:00.000;179,61;Venezuela
10642;SIMOB;7;1997-08-22 00:00:00.000;41,89;Denmark
10643;ALFKI;6;1997-08-25 00:00:00.000;29,46;Germany
10644;WELLI;3;1997-08-25 00:00:00.000;0,14;Brazil
10645;HANAR;4;1997-08-26 00:00:00.000;12,41;Brazil
10646;HUNGO;9;1997-08-27 00:00:00.000;142,33;Ireland
10647;QUEDE;4;1997-08-27 00:00:00.000;45,54;Brazil
10648;RICAR;5;1997-08-28 00:00:00.000;14,25;Brazil
10649;MAISD;5;1997-08-28 00:00:00.000;6,2;Belgium
10650;FAMIA;5;1997-08-29 00:00:00.000;176,81;Brazil
10651;WANDK;8;1997-09-01 00:00:00.000;20,6;Germany
10652;GOURL;4;1997-09-01 00:00:00.000;7,14;Brazil
10653;FRANK;1;1997-09-02 00:00:00.000;93,25;Germany
10654;BERGS;5;1997-09-02 00:00:00.000;55,26;Sweden
10655;REGGC;1;1997-09-03 00:00:00.000;4,41;Italy
10656;GREAL;6;1997-09-04 00:00:00.000;57,15;USA
10657;SAVEA;2;1997-09-04 00:00:00.000;352,69;USA
10658;QUICK;4;1997-09-05 00:00:00.000;364,15;Germany
10659;QUEEN;7;1997-09-05 00:00:00.000;105,81;Brazil
10660;HUNGC;8;1997-09-08 00:00:00.000;111,29;USA
10661;HUNGO;7;1997-09-09 00:00:00.000;17,55;Ireland
10662;LONEP;3;1997-09-09 00:00:00.000;1,28;USA
10663;BONAP;2;1997-09-10 00:00:00.000;113,15;France
10664;FURIB;1;1997-09-10 00:00:00.000;1,27;Portugal
10665;LONEP;1;1997-09-11 00:00:00.000;26,31;USA
10666;RICSU;7;1997-09-12 00:00:00.000;232,42;Switzerland
10667;ERNSH;7;1997-09-12 00:00:00.000;78,09;Austria
10668;WANDK;1;1997-09-15 00:00:00.000;47,22;Germany
10669;SIMOB;2;1997-09-15 00:00:00.000;24,39;Denmark
10670;FRANK;4;1997-09-16 00:00:00.000;203,48;Germany
10671;FRANR;1;1997-09-17 00:00:00.000;30,34;France
10672;BERGS;9;1997-09-17 00:00:00.000;95,75;Sweden
10673;WILMK;2;1997-09-18 00:00:00.000;22,76;Finland
10674;ISLAT;4;1997-09-18 00:00:00.000;0,9;UK
10675;FRANK;5;1997-09-19 00:00:00.000;31,85;Germany
10676;TORTU;2;1997-09-22 00:00:00.000;2,01;Mexico
10677;ANTON;1;1997-09-22 00:00:00.000;4,03;Mexico
10678;SAVEA;7;1997-09-23 00:00:00.000;388,98;USA
10679;BLONP;8;1997-09-23 00:00:00.000;27,94;France
10680;OLDWO;1;1997-09-24 00:00:00.000;26,61;USA
10681;GREAL;3;1997-09-25 00:00:00.000;76,13;USA
10682;ANTON;3;1997-09-25 00:00:00.000;36,13;Mexico
10683;DUMON;2;1997-09-26 00:00:00.000;4,4;France
10684;OTTIK;3;1997-09-26 00:00:00.000;145,63;Germany
10685;GOURL;4;1997-09-29 00:00:00.000;33,75;Brazil
10686;PICCO;2;1997-09-30 00:00:00.000;96,5;Austria
10687;HUNGO;9;1997-09-30 00:00:00.000;296,43;Ireland
10688;VAFFE;4;1997-10-01 00:00:00.000;299,09;Denmark
10689;BERGS;1;1997-10-01 00:00:00.000;13,42;Sweden
10690;HANAR;1;1997-10-02 00:00:00.000;15,8;Brazil
10691;QUICK;2;1997-10-03 00:00:00.000;810,05;Germany
10692;ALFKI;4;1997-10-03 00:00:00.000;61,02;Germany
10693;WHITC;3;1997-10-06 00:00:00.000;139,34;USA
10694;QUICK;8;1997-10-06 00:00:00.000;398,36;Germany
10695;WILMK;7;1997-10-07 00:00:00.000;16,72;Finland
10696;WHITC;8;1997-10-08 00:00:00.000;102,55;USA
10697;LINOD;3;1997-10-08 00:00:00.000;45,52;Venezuela
10698;ERNSH;4;1997-10-09 00:00:00.000;272,47;Austria
10699;MORGK;3;1997-10-09 00:00:00.000;0,58;Germany
10700;SAVEA;3;1997-10-10 00:00:00.000;65,1;USA
10701;HUNGO;6;1997-10-13 00:00:00.000;220,31;Ireland
10702;ALFKI;4;1997-10-13 00:00:00.000;23,94;Germany
10703;FOLKO;6;1997-10-14 00:00:00.000;152,3;Sweden
10704;QUEEN;6;1997-10-14 00:00:00.000;4,78;Brazil
10705;HILAA;9;1997-10-15 00:00:00.000;3,52;Venezuela
10706;OLDWO;8;1997-10-16 00:00:00.000;135,63;USA
10707;AROUT;4;1997-10-16 00:00:00.000;21,74;UK
10708;THEBI;6;1997-10-17 00:00:00.000;2,96;USA
10709;GOURL;1;1997-10-17 00:00:00.000;210,8;Brazil
10710;FRANS;1;1997-10-20 00:00:00.000;4,98;Italy
10711;SAVEA;5;1997-10-21 00:00:00.000;52,41;USA
10712;HUNGO;3;1997-10-21 00:00:00.000;89,93;Ireland
10713;SAVEA;1;1997-10-22 00:00:00.000;167,05;USA
10714;SAVEA;5;1997-10-22 00:00:00.000;24,49;USA
10715;BONAP;3;1997-10-23 00:00:00.000;63,2;France
10716;RANCH;4;1997-10-24 00:00:00.000;22,57;Argentina
10717;FRANK;1;1997-10-24 00:00:00.000;59,25;Germany
10718;KOENE;1;1997-10-27 00:00:00.000;170,88;Germany
10719;LETSS;8;1997-10-27 00:00:00.000;51,44;USA
10720;QUEDE;8;1997-10-28 00:00:00.000;9,53;Brazil
10721;QUICK;5;1997-10-29 00:00:00.000;48,92;Germany
10722;SAVEA;8;1997-10-29 00:00:00.000;74,58;USA
10723;WHITC;3;1997-10-30 00:00:00.000;21,72;USA
10724;MEREP;8;1997-10-30 00:00:00.000;57,75;Canada
10725;FAMIA;4;1997-10-31 00:00:00.000;10,83;Brazil
10726;EASTC;4;1997-11-03 00:00:00.000;16,56;UK
10727;REGGC;2;1997-11-03 00:00:00.000;89,9;Italy
10728;QUEEN;4;1997-11-04 00:00:00.000;58,33;Brazil
10729;LINOD;8;1997-11-04 00:00:00.000;141,06;Venezuela
10730;BONAP;5;1997-11-05 00:00:00.000;20,12;France
10731;CHOPS;7;1997-11-06 00:00:00.000;96,65;Switzerland
10732;BONAP;3;1997-11-06 00:00:00.000;16,97;France
10733;BERGS;1;1997-11-07 00:00:00.000;110,11;Sweden
10734;GOURL;2;1997-11-07 00:00:00.000;1,63;Brazil
10735;LETSS;6;1997-11-10 00:00:00.000;45,97;USA
10736;HUNGO;9;1997-11-11 00:00:00.000;44,1;Ireland
10737;VINET;2;1997-11-11 00:00:00.000;7,79;France
10738;SPECD;2;1997-11-12 00:00:00.000;2,91;France
10739;VINET;3;1997-11-12 00:00:00.000;11,08;France
10740;WHITC;4;1997-11-13 00:00:00.000;81,88;USA
10741;AROUT;4;1997-11-14 00:00:00.000;10,96;UK
10742;BOTTM;3;1997-11-14 00:00:00.000;243,73;Canada
10743;AROUT;1;1997-11-17 00:00:00.000;23,72;UK
10744;VAFFE;6;1997-11-17 00:00:00.000;69,19;Denmark
10745;QUICK;9;1997-11-18 00:00:00.000;3,52;Germany
10746;CHOPS;1;1997-11-19 00:00:00.000;31,43;Switzerland
10747;PICCO;6;1997-11-19 00:00:00.000;117,33;Austria
10748;SAVEA;3;1997-11-20 00:00:00.000;232,55;USA
10749;ISLAT;4;1997-11-20 00:00:00.000;61,53;UK
10750;WARTH;9;1997-11-21 00:00:00.000;79,3;Finland
10751;RICSU;3;1997-11-24 00:00:00.000;130,79;Switzerland
10752;NORTS;2;1997-11-24 00:00:00.000;1,39;UK
10753;FRANS;3;1997-11-25 00:00:00.000;7,7;Italy
10754;MAGAA;6;1997-11-25 00:00:00.000;2,38;Italy
10755;BONAP;4;1997-11-26 00:00:00.000;16,71;France
10756;SPLIR;8;1997-11-27 00:00:00.000;73,21;USA
10757;SAVEA;6;1997-11-27 00:00:00.000;8,19;USA
10758;RICSU;3;1997-11-28 00:00:00.000;138,17;Switzerland
10759;ANATR;3;1997-11-28 00:00:00.000;11,99;Mexico
10760;MAISD;4;1997-12-01 00:00:00.000;155,64;Belgium
10761;RATTC;5;1997-12-02 00:00:00.000;18,66;USA
10762;FOLKO;3;1997-12-02 00:00:00.000;328,74;Sweden
10763;FOLIG;3;1997-12-03 00:00:00.000;37,35;France
10764;ERNSH;6;1997-12-03 00:00:00.000;145,45;Austria
10765;QUICK;3;1997-12-04 00:00:00.000;42,74;Germany
10766;OTTIK;4;1997-12-05 00:00:00.000;157,55;Germany
10767;SUPRD;4;1997-12-05 00:00:00.000;1,59;Belgium
10768;AROUT;3;1997-12-08 00:00:00.000;146,32;UK
10769;VAFFE;3;1997-12-08 00:00:00.000;65,06;Denmark
10770;HANAR;8;1997-12-09 00:00:00.000;5,32;Brazil
10771;ERNSH;9;1997-12-10 00:00:00.000;11,19;Austria
10772;LEHMS;3;1997-12-10 00:00:00.000;91,28;Germany
10773;ERNSH;1;1997-12-11 00:00:00.000;96,43;Austria
10774;FOLKO;4;1997-12-11 00:00:00.000;48,2;Sweden
10775;THECR;7;1997-12-12 00:00:00.000;20,25;USA
10776;ERNSH;1;1997-12-15 00:00:00.000;351,53;Austria
10777;GOURL;7;1997-12-15 00:00:00.000;3,01;Brazil
10778;BERGS;3;1997-12-16 00:00:00.000;6,79;Sweden
10779;MORGK;3;1997-12-16 00:00:00.000;58,13;Germany
10780;LILAS;2;1997-12-16 00:00:00.000;42,13;Venezuela
10781;WARTH;2;1997-12-17 00:00:00.000;73,16;Finland
10782;CACTU;9;1997-12-17 00:00:00.000;1,1;Argentina
10783;HANAR;4;1997-12-18 00:00:00.000;124,98;Brazil
10784;MAGAA;4;1997-12-18 00:00:00.000;70,09;Italy
10785;GROSR;1;1997-12-18 00:00:00.000;1,51;Venezuela
10786;QUEEN;8;1997-12-19 00:00:00.000;110,87;Brazil
10787;LAMAI;2;1997-12-19 00:00:00.000;249,93;France
10788;QUICK;1;1997-12-22 00:00:00.000;42,7;Germany
10789;FOLIG;1;1997-12-22 00:00:00.000;100,6;France
10790;GOURL;6;1997-12-22 00:00:00.000;28,23;Brazil
10791;FRANK;6;1997-12-23 00:00:00.000;16,85;Germany
10792;WOLZA;1;1997-12-23 00:00:00.000;23,79;Poland
10793;AROUT;3;1997-12-24 00:00:00.000;4,52;UK
10794;QUEDE;6;1997-12-24 00:00:00.000;21,49;Brazil
10795;ERNSH;8;1997-12-24 00:00:00.000;126,66;Austria
10796;HILAA;3;1997-12-25 00:00:00.000;26,52;Venezuela
10797;DRACD;7;1997-12-25 00:00:00.000;33,35;Germany
10798;ISLAT;2;1997-12-26 00:00:00.000;2,33;UK
10799;KOENE;9;1997-12-26 00:00:00.000;30,76;Germany
10800;SEVES;1;1997-12-26 00:00:00.000;137,44;UK
10801;BOLID;4;1997-12-29 00:00:00.000;97,09;Spain
10802;SIMOB;4;1997-12-29 00:00:00.000;257,26;Denmark
10803;WELLI;4;1997-12-30 00:00:00.000;55,23;Brazil
10804;SEVES;6;1997-12-30 00:00:00.000;27,33;UK
10805;THEBI;2;1997-12-30 00:00:00.000;237,34;USA
10806;VICTE;3;1997-12-31 00:00:00.000;22,11;France
10807;FRANS;4;1997-12-31 00:00:00.000;1,36;Italy
10808;OLDWO;2;1998-01-01 00:00:00.000;45,53;USA
10809;WELLI;7;1998-01-01 00:00:00.000;4,87;Brazil
10810;LAUGB;2;1998-01-01 00:00:00.000;4,33;Canada
10811;LINOD;8;1998-01-02 00:00:00.000;31,22;Venezuela
10812;REGGC;5;1998-01-02 00:00:00.000;59,78;Italy
10813;RICAR;1;1998-01-05 00:00:00.000;47,38;Brazil
10814;VICTE;3;1998-01-05 00:00:00.000;130,94;France
10815;SAVEA;2;1998-01-05 00:00:00.000;14,62;USA
10816;GREAL;4;1998-01-06 00:00:00.000;719,78;USA
10817;KOENE;3;1998-01-06 00:00:00.000;306,07;Germany
10818;MAGAA;7;1998-01-07 00:00:00.000;65,48;Italy
10819;CACTU;2;1998-01-07 00:00:00.000;19,76;Argentina
10820;RATTC;3;1998-01-07 00:00:00.000;37,52;USA
10821;SPLIR;1;1998-01-08 00:00:00.000;36,68;USA
10822;TRAIH;6;1998-01-08 00:00:00.000;7;USA
10823;LILAS;5;1998-01-09 00:00:00.000;163,97;Venezuela
10824;FOLKO;8;1998-01-09 00:00:00.000;1,23;Sweden
10825;DRACD;1;1998-01-09 00:00:00.000;79,25;Germany
10826;BLONP;6;1998-01-12 00:00:00.000;7,09;France
10827;BONAP;1;1998-01-12 00:00:00.000;63,54;France
10828;RANCH;9;1998-01-13 00:00:00.000;90,85;Argentina
10829;ISLAT;9;1998-01-13 00:00:00.000;154,72;UK
10830;TRADH;4;1998-01-13 00:00:00.000;81,83;Brazil
10831;SANTG;3;1998-01-14 00:00:00.000;72,19;Norway
10832;LAMAI;2;1998-01-14 00:00:00.000;43,26;France
10833;OTTIK;6;1998-01-15 00:00:00.000;71,49;Germany
10834;TRADH;1;1998-01-15 00:00:00.000;29,78;Brazil
10835;ALFKI;1;1998-01-15 00:00:00.000;69,53;Germany
10836;ERNSH;7;1998-01-16 00:00:00.000;411,88;Austria
10837;BERGS;9;1998-01-16 00:00:00.000;13,32;Sweden
10838;LINOD;3;1998-01-19 00:00:00.000;59,28;Venezuela
10839;TRADH;3;1998-01-19 00:00:00.000;35,43;Brazil
10840;LINOD;4;1998-01-19 00:00:00.000;2,71;Venezuela
10841;SUPRD;5;1998-01-20 00:00:00.000;424,3;Belgium
10842;TORTU;1;1998-01-20 00:00:00.000;54,42;Mexico
10843;VICTE;4;1998-01-21 00:00:00.000;9,26;France
10844;PICCO;8;1998-01-21 00:00:00.000;25,22;Austria
10845;QUICK;8;1998-01-21 00:00:00.000;212,98;Germany
10846;SUPRD;2;1998-01-22 00:00:00.000;56,46;Belgium
10847;SAVEA;4;1998-01-22 00:00:00.000;487,57;USA
10848;CONSH;7;1998-01-23 00:00:00.000;38,24;UK
10849;KOENE;9;1998-01-23 00:00:00.000;0,56;Germany
10850;VICTE;1;1998-01-23 00:00:00.000;49,19;France
10851;RICAR;5;1998-01-26 00:00:00.000;160,55;Brazil
10852;RATTC;8;1998-01-26 00:00:00.000;174,05;USA
10853;BLAUS;9;1998-01-27 00:00:00.000;53,83;Germany
10854;ERNSH;3;1998-01-27 00:00:00.000;100,22;Austria
10855;OLDWO;3;1998-01-27 00:00:00.000;170,97;USA
10856;ANTON;3;1998-01-28 00:00:00.000;58,43;Mexico
10857;BERGS;8;1998-01-28 00:00:00.000;188,85;Sweden
10858;LACOR;2;1998-01-29 00:00:00.000;52,51;France
10859;FRANK;1;1998-01-29 00:00:00.000;76,1;Germany
10860;FRANR;3;1998-01-29 00:00:00.000;19,26;France
10861;WHITC;4;1998-01-30 00:00:00.000;14,93;USA
10862;LEHMS;8;1998-01-30 00:00:00.000;53,23;Germany
10863;HILAA;4;1998-02-02 00:00:00.000;30,26;Venezuela
10864;AROUT;4;1998-02-02 00:00:00.000;3,04;UK
10865;QUICK;2;1998-02-02 00:00:00.000;348,14;Germany
10866;BERGS;5;1998-02-03 00:00:00.000;109,11;Sweden
10867;LONEP;6;1998-02-03 00:00:00.000;1,93;USA
10868;QUEEN;7;1998-02-04 00:00:00.000;191,27;Brazil
10869;SEVES;5;1998-02-04 00:00:00.000;143,28;UK
10870;WOLZA;5;1998-02-04 00:00:00.000;12,04;Poland
10871;BONAP;9;1998-02-05 00:00:00.000;112,27;France
10872;GODOS;5;1998-02-05 00:00:00.000;175,32;Spain
10873;WILMK;4;1998-02-06 00:00:00.000;0,82;Finland
10874;GODOS;5;1998-02-06 00:00:00.000;19,58;Spain
10875;BERGS;4;1998-02-06 00:00:00.000;32,37;Sweden
10876;BONAP;7;1998-02-09 00:00:00.000;60,42;France
10877;RICAR;1;1998-02-09 00:00:00.000;38,06;Brazil
10878;QUICK;4;1998-02-10 00:00:00.000;46,69;Germany
10879;WILMK;3;1998-02-10 00:00:00.000;8,5;Finland
10880;FOLKO;7;1998-02-10 00:00:00.000;88,01;Sweden
10881;CACTU;4;1998-02-11 00:00:00.000;2,84;Argentina
10882;SAVEA;4;1998-02-11 00:00:00.000;23,1;USA
10883;LONEP;8;1998-02-12 00:00:00.000;0,53;USA
10884;LETSS;4;1998-02-12 00:00:00.000;90,97;USA
10885;SUPRD;6;1998-02-12 00:00:00.000;5,64;Belgium
10886;HANAR;1;1998-02-13 00:00:00.000;4,99;Brazil
10887;GALED;8;1998-02-13 00:00:00.000;1,25;Spain
10888;GODOS;1;1998-02-16 00:00:00.000;51,87;Spain
10889;RATTC;9;1998-02-16 00:00:00.000;280,61;USA
10890;DUMON;7;1998-02-16 00:00:00.000;32,76;France
10891;LEHMS;7;1998-02-17 00:00:00.000;20,37;Germany
10892;MAISD;4;1998-02-17 00:00:00.000;120,27;Belgium
10893;KOENE;9;1998-02-18 00:00:00.000;77,78;Germany
10894;SAVEA;1;1998-02-18 00:00:00.000;116,13;USA
10895;ERNSH;3;1998-02-18 00:00:00.000;162,75;Austria
10896;MAISD;7;1998-02-19 00:00:00.000;32,45;Belgium
10897;HUNGO;3;1998-02-19 00:00:00.000;603,54;Ireland
10898;OCEAN;4;1998-02-20 00:00:00.000;1,27;Argentina
10899;LILAS;5;1998-02-20 00:00:00.000;1,21;Venezuela
10900;WELLI;1;1998-02-20 00:00:00.000;1,66;Brazil
10901;HILAA;4;1998-02-23 00:00:00.000;62,09;Venezuela
10902;FOLKO;1;1998-02-23 00:00:00.000;44,15;Sweden
10903;HANAR;3;1998-02-24 00:00:00.000;36,71;Brazil
10904;WHITC;3;1998-02-24 00:00:00.000;162,95;USA
10905;WELLI;9;1998-02-24 00:00:00.000;13,72;Brazil
10906;WOLZA;4;1998-02-25 00:00:00.000;26,29;Poland
10907;SPECD;6;1998-02-25 00:00:00.000;9,19;France
10908;REGGC;4;1998-02-26 00:00:00.000;32,96;Italy
10909;SANTG;1;1998-02-26 00:00:00.000;53,05;Norway
10910;WILMK;1;1998-02-26 00:00:00.000;38,11;Finland
10911;GODOS;3;1998-02-26 00:00:00.000;38,19;Spain
10912;HUNGO;2;1998-02-26 00:00:00.000;580,91;Ireland
10913;QUEEN;4;1998-02-26 00:00:00.000;33,05;Brazil
10914;QUEEN;6;1998-02-27 00:00:00.000;21,19;Brazil
10915;TORTU;2;1998-02-27 00:00:00.000;3,51;Mexico
10916;RANCH;1;1998-02-27 00:00:00.000;63,77;Argentina
10917;ROMEY;4;1998-03-02 00:00:00.000;8,29;Spain
10918;BOTTM;3;1998-03-02 00:00:00.000;48,83;Canada
10919;LINOD;2;1998-03-02 00:00:00.000;19,8;Venezuela
10920;AROUT;4;1998-03-03 00:00:00.000;29,61;UK
10921;VAFFE;1;1998-03-03 00:00:00.000;176,48;Denmark
10922;HANAR;5;1998-03-03 00:00:00.000;62,74;Brazil
10923;LAMAI;7;1998-03-03 00:00:00.000;68,26;France
10924;BERGS;3;1998-03-04 00:00:00.000;151,52;Sweden
10925;HANAR;3;1998-03-04 00:00:00.000;2,27;Brazil
10926;ANATR;4;1998-03-04 00:00:00.000;39,92;Mexico
10927;LACOR;4;1998-03-05 00:00:00.000;19,79;France
10928;GALED;1;1998-03-05 00:00:00.000;1,36;Spain
10929;FRANK;6;1998-03-05 00:00:00.000;33,93;Germany
10930;SUPRD;4;1998-03-06 00:00:00.000;15,55;Belgium
10931;RICSU;4;1998-03-06 00:00:00.000;13,6;Switzerland
10932;BONAP;8;1998-03-06 00:00:00.000;134,64;France
10933;ISLAT;6;1998-03-06 00:00:00.000;54,15;UK
10934;LEHMS;3;1998-03-09 00:00:00.000;32,01;Germany
10935;WELLI;4;1998-03-09 00:00:00.000;47,59;Brazil
10936;GREAL;3;1998-03-09 00:00:00.000;33,68;USA
10937;CACTU;7;1998-03-10 00:00:00.000;31,51;Argentina
10938;QUICK;3;1998-03-10 00:00:00.000;31,89;Germany
10939;MAGAA;2;1998-03-10 00:00:00.000;76,33;Italy
10940;BONAP;8;1998-03-11 00:00:00.000;19,77;France
10941;SAVEA;7;1998-03-11 00:00:00.000;400,81;USA
10942;REGGC;9;1998-03-11 00:00:00.000;17,95;Italy
10943;BSBEV;4;1998-03-11 00:00:00.000;2,17;UK
10944;BOTTM;6;1998-03-12 00:00:00.000;52,92;Canada
10945;MORGK;4;1998-03-12 00:00:00.000;10,22;Germany
10946;VAFFE;1;1998-03-12 00:00:00.000;27,2;Denmark
10947;BSBEV;3;1998-03-13 00:00:00.000;3,26;UK
10948;GODOS;3;1998-03-13 00:00:00.000;23,39;Spain
10949;BOTTM;2;1998-03-13 00:00:00.000;74,44;Canada
10950;MAGAA;1;1998-03-16 00:00:00.000;2,5;Italy
10951;RICSU;9;1998-03-16 00:00:00.000;30,85;Switzerland
10952;ALFKI;1;1998-03-16 00:00:00.000;40,42;Germany
10953;AROUT;9;1998-03-16 00:00:00.000;23,72;UK
10954;LINOD;5;1998-03-17 00:00:00.000;27,91;Venezuela
10955;FOLKO;8;1998-03-17 00:00:00.000;3,26;Sweden
10956;BLAUS;6;1998-03-17 00:00:00.000;44,65;Germany
10957;HILAA;8;1998-03-18 00:00:00.000;105,36;Venezuela
10958;OCEAN;7;1998-03-18 00:00:00.000;49,56;Argentina
10959;GOURL;6;1998-03-18 00:00:00.000;4,98;Brazil
10960;HILAA;3;1998-03-19 00:00:00.000;2,08;Venezuela
10961;QUEEN;8;1998-03-19 00:00:00.000;104,47;Brazil
10962;QUICK;8;1998-03-19 00:00:00.000;275,79;Germany
10963;FURIB;9;1998-03-19 00:00:00.000;2,7;Portugal
10964;SPECD;3;1998-03-20 00:00:00.000;87,38;France
10965;OLDWO;6;1998-03-20 00:00:00.000;144,38;USA
10966;CHOPS;4;1998-03-20 00:00:00.000;27,19;Switzerland
10967;TOMSP;2;1998-03-23 00:00:00.000;62,22;Germany
10968;ERNSH;1;1998-03-23 00:00:00.000;74,6;Austria
10969;COMMI;1;1998-03-23 00:00:00.000;0,21;Brazil
10970;BOLID;9;1998-03-24 00:00:00.000;16,16;Spain
10971;FRANR;2;1998-03-24 00:00:00.000;121,82;France
10972;LACOR;4;1998-03-24 00:00:00.000;0,02;France
10973;LACOR;6;1998-03-24 00:00:00.000;15,17;France
10974;SPLIR;3;1998-03-25 00:00:00.000;12,96;USA
10975;BOTTM;1;1998-03-25 00:00:00.000;32,27;Canada
10976;HILAA;1;1998-03-25 00:00:00.000;37,97;Venezuela
10977;FOLKO;8;1998-03-26 00:00:00.000;208,5;Sweden
10978;MAISD;9;1998-03-26 00:00:00.000;32,82;Belgium
10979;ERNSH;8;1998-03-26 00:00:00.000;353,07;Austria
10980;FOLKO;4;1998-03-27 00:00:00.000;1,26;Sweden
10981;HANAR;1;1998-03-27 00:00:00.000;193,37;Brazil
10982;BOTTM;2;1998-03-27 00:00:00.000;14,01;Canada
10983;SAVEA;2;1998-03-27 00:00:00.000;657,54;USA
10984;SAVEA;1;1998-03-30 00:00:00.000;211,22;USA
10985;HUNGO;2;1998-03-30 00:00:00.000;91,51;Ireland
10986;OCEAN;8;1998-03-30 00:00:00.000;217,86;Argentina
10987;EASTC;8;1998-03-31 00:00:00.000;185,48;UK
10988;RATTC;3;1998-03-31 00:00:00.000;61,14;USA
10989;QUEDE;2;1998-03-31 00:00:00.000;34,76;Brazil
10990;ERNSH;2;1998-04-01 00:00:00.000;117,61;Austria
10991;QUICK;1;1998-04-01 00:00:00.000;38,51;Germany
10992;THEBI;1;1998-04-01 00:00:00.000;4,27;USA
10993;FOLKO;7;1998-04-01 00:00:00.000;8,81;Sweden
10994;VAFFE;2;1998-04-02 00:00:00.000;65,53;Denmark
10995;PERIC;1;1998-04-02 00:00:00.000;46;Mexico
10996;QUICK;4;1998-04-02 00:00:00.000;1,12;Germany
10997;LILAS;8;1998-04-03 00:00:00.000;73,91;Venezuela
10998;WOLZA;8;1998-04-03 00:00:00.000;20,31;Poland
10999;OTTIK;6;1998-04-03 00:00:00.000;96,35;Germany
11000;RATTC;2;1998-04-06 00:00:00.000;55,12;USA
11001;FOLKO;2;1998-04-06 00:00:00.000;197,3;Sweden
11002;SAVEA;4;1998-04-06 00:00:00.000;141,16;USA
11003;THECR;3;1998-04-06 00:00:00.000;14,91;USA
11004;MAISD;3;1998-04-07 00:00:00.000;44,84;Belgium
11005;WILMK;2;1998-04-07 00:00:00.000;0,75;Finland
11006;GREAL;3;1998-04-07 00:00:00.000;25,19;USA
11007;PRINI;8;1998-04-08 00:00:00.000;202,24;Portugal
11008;ERNSH;7;1998-04-08 00:00:00.000;79,46;Austria
11009;GODOS;2;1998-04-08 00:00:00.000;59,11;Spain
11010;REGGC;2;1998-04-09 00:00:00.000;28,71;Italy
11011;ALFKI;3;1998-04-09 00:00:00.000;1,21;Germany
11012;FRANK;1;1998-04-09 00:00:00.000;242,95;Germany
11013;ROMEY;2;1998-04-09 00:00:00.000;32,99;Spain
11014;LINOD;2;1998-04-10 00:00:00.000;23,6;Venezuela
11015;SANTG;2;1998-04-10 00:00:00.000;4,62;Norway
11016;AROUT;9;1998-04-10 00:00:00.000;33,8;UK
11017;ERNSH;9;1998-04-13 00:00:00.000;754,26;Austria
11018;LONEP;4;1998-04-13 00:00:00.000;11,65;USA
11019;RANCH;6;1998-04-13 00:00:00.000;3,17;Argentina
11020;OTTIK;2;1998-04-14 00:00:00.000;43,3;Germany
11021;QUICK;3;1998-04-14 00:00:00.000;297,18;Germany
11022;HANAR;9;1998-04-14 00:00:00.000;6,27;Brazil
11023;BSBEV;1;1998-04-14 00:00:00.000;123,83;UK
11024;EASTC;4;1998-04-15 00:00:00.000;74,36;UK
11025;WARTH;6;1998-04-15 00:00:00.000;29,17;Finland
11026;FRANS;4;1998-04-15 00:00:00.000;47,09;Italy
11027;BOTTM;1;1998-04-16 00:00:00.000;52,52;Canada
11028;KOENE;2;1998-04-16 00:00:00.000;29,59;Germany
11029;CHOPS;4;1998-04-16 00:00:00.000;47,84;Switzerland
11030;SAVEA;7;1998-04-17 00:00:00.000;830,75;USA
11031;SAVEA;6;1998-04-17 00:00:00.000;227,22;USA
11032;WHITC;2;1998-04-17 00:00:00.000;606,19;USA
11033;RICSU;7;1998-04-17 00:00:00.000;84,74;Switzerland
11034;OLDWO;8;1998-04-20 00:00:00.000;40,32;USA
11035;SUPRD;2;1998-04-20 00:00:00.000;0,17;Belgium
11036;DRACD;8;1998-04-20 00:00:00.000;149,47;Germany
11037;GODOS;7;1998-04-21 00:00:00.000;3,2;Spain
11038;SUPRD;1;1998-04-21 00:00:00.000;29,59;Belgium
11039;LINOD;1;1998-04-21 00:00:00.000;65;Venezuela
11040;GREAL;4;1998-04-22 00:00:00.000;18,84;USA
11041;CHOPS;3;1998-04-22 00:00:00.000;48,22;Switzerland
11042;COMMI;2;1998-04-22 00:00:00.000;29,99;Brazil
11043;SPECD;5;1998-04-22 00:00:00.000;8,8;France
11044;WOLZA;4;1998-04-23 00:00:00.000;8,72;Poland
11045;BOTTM;6;1998-04-23 00:00:00.000;70,58;Canada
11046;WANDK;8;1998-04-23 00:00:00.000;71,64;Germany
11047;EASTC;7;1998-04-24 00:00:00.000;46,62;UK
11048;BOTTM;7;1998-04-24 00:00:00.000;24,12;Canada
11049;GOURL;3;1998-04-24 00:00:00.000;8,34;Brazil
11050;FOLKO;8;1998-04-27 00:00:00.000;59,41;Sweden
11051;LAMAI;7;1998-04-27 00:00:00.000;2,79;France
11052;HANAR;3;1998-04-27 00:00:00.000;67,26;Brazil
11053;PICCO;2;1998-04-27 00:00:00.000;53,05;Austria
11054;CACTU;8;1998-04-28 00:00:00.000;0,33;Argentina
11055;HILAA;7;1998-04-28 00:00:00.000;120,92;Venezuela
11056;EASTC;8;1998-04-28 00:00:00.000;278,96;UK
11057;NORTS;3;1998-04-29 00:00:00.000;4,13;UK
11058;BLAUS;9;1998-04-29 00:00:00.000;31,14;Germany
11059;RICAR;2;1998-04-29 00:00:00.000;85,8;Brazil
11060;FRANS;2;1998-04-30 00:00:00.000;10,98;Italy
11061;GREAL;4;1998-04-30 00:00:00.000;14,01;USA
11062;REGGC;4;1998-04-30 00:00:00.000;29,93;Italy
11063;HUNGO;3;1998-04-30 00:00:00.000;81,73;Ireland
11064;SAVEA;1;1998-05-01 00:00:00.000;30,09;USA
11065;LILAS;8;1998-05-01 00:00:00.000;12,91;Venezuela
11066;WHITC;7;1998-05-01 00:00:00.000;44,72;USA
11067;DRACD;1;1998-05-04 00:00:00.000;7,98;Germany
11068;QUEEN;8;1998-05-04 00:00:00.000;81,75;Brazil
11069;TORTU;1;1998-05-04 00:00:00.000;15,67;Mexico
11070;LEHMS;2;1998-05-05 00:00:00.000;136;Germany
11071;LILAS;1;1998-05-05 00:00:00.000;0,93;Venezuela
11072;ERNSH;4;1998-05-05 00:00:00.000;258,64;Austria
11073;PERIC;2;1998-05-05 00:00:00.000;24,95;Mexico
11074;SIMOB;7;1998-05-06 00:00:00.000;18,44;Denmark
11075;RICSU;8;1998-05-06 00:00:00.000;6,19;Switzerland
11076;BONAP;4;1998-05-06 00:00:00.000;38,28;France
11077;RATTC;1;1998-05-06 00:00:00.000;8,53;USA
